City_ID,City,Lat,Lng,Max Temp,Humidity,Current Description,Cloudiness,Wind Speed,Country,Date
0,Antalaha,-14.9003,50.2788,75.54,92,light rain,80,2.86,MG,2021-03-30 00:20:49
1,Ushuaia,-54.8,-68.3,50.0,76,few clouds,20,5.75,AR,2021-03-30 00:11:30
2,Norfolk,42.1668,-71.2495,46.4,34,clear sky,1,6.91,US,2021-03-30 00:19:12
3,Nhulunbuy,-12.2333,136.7667,84.2,74,broken clouds,75,13.8,AU,2021-03-30 00:20:49
4,La Rioja,42.25,-2.5,57.2,44,clear sky,0,12.66,ES,2021-03-30 00:20:50
5,Bredasdorp,-34.5322,20.0403,51.8,93,scattered clouds,50,3.44,ZA,2021-03-30 00:14:44
6,Khatanga,71.9667,102.5,-25.44,96,scattered clouds,25,11.86,RU,2021-03-30 00:15:23
7,Atuona,-9.8,-139.0333,80.6,79,light rain,28,19.13,PF,2021-03-30 00:14:58
8,Lingao,19.9103,109.6859,76.96,73,clear sky,5,3.85,CN,2021-03-30 00:20:51
9,Avarua,-21.2078,-159.775,84.2,74,broken clouds,75,9.22,CK,2021-03-30 00:16:17
10,Puerto Ayora,-0.7393,-90.3518,79.0,92,scattered clouds,45,4.0,EC,2021-03-30 00:14:47
11,Castro,-24.7911,-50.0119,62.24,94,broken clouds,53,4.27,BR,2021-03-30 00:18:03
12,Georgetown,5.4112,100.3354,81.0,89,scattered clouds,40,3.44,MY,2021-03-30 00:14:08
13,Talara,-4.5772,-81.2719,77.0,61,broken clouds,75,11.5,PE,2021-03-30 00:19:50
14,Caravelas,-17.7125,-39.2481,78.21,73,clear sky,0,7.94,BR,2021-03-30 00:17:53
15,Matveyevka,52.15,56.1833,23.0,74,clear sky,0,2.24,RU,2021-03-30 00:20:52
16,Jamestown,42.097,-79.2353,39.0,64,clear sky,1,2.86,US,2021-03-30 00:11:50
17,Tessalit,20.1986,1.0114,72.93,9,scattered clouds,31,12.06,ML,2021-03-30 00:20:50
18,Mataura,-46.1927,168.8643,60.01,88,overcast clouds,98,1.01,NZ,2021-03-30 00:14:34
19,Port Elizabeth,-33.918,25.5701,66.2,88,few clouds,20,12.66,ZA,2021-03-30 00:14:39
20,Lebu,-37.6167,-73.65,55.8,92,few clouds,11,1.32,CL,2021-03-30 00:15:12
21,Cangzhou,38.3167,116.8667,54.68,48,clear sky,3,3.4,CN,2021-03-30 00:20:53
22,Bluff,-46.6,168.3333,62.01,87,overcast clouds,100,1.01,NZ,2021-03-30 00:14:56
23,Qaanaaq,77.484,-69.3632,-14.94,62,scattered clouds,48,7.87,GL,2021-03-30 00:14:46
24,Ilulissat,69.2167,-51.1,15.8,53,light snow,40,19.57,GL,2021-03-30 00:20:54
25,Celestun,20.8667,-90.4,81.23,68,few clouds,22,17.02,MX,2021-03-30 00:20:54
26,Yulara,-25.2406,130.9889,69.8,43,clear sky,0,14.97,AU,2021-03-30 00:15:16
27,Santana Do Livramento,-30.8908,-55.5328,64.29,76,broken clouds,82,5.41,BR,2021-03-30 00:20:55
28,Araouane,18.9048,-3.5265,76.3,9,clear sky,7,9.82,ML,2021-03-30 00:20:55
29,Tuktoyaktuk,69.4541,-133.0374,-5.8,77,snow,20,17.27,CA,2021-03-30 00:18:02
30,Erzin,36.9559,36.2,50.0,73,clear sky,0,10.0,TR,2021-03-30 00:20:56
31,Mar Del Plata,-38.0023,-57.5575,63.0,82,scattered clouds,40,4.61,AR,2021-03-30 00:16:47
32,Longyearbyen,78.2186,15.6401,24.8,74,scattered clouds,40,25.32,SJ,2021-03-30 00:15:09
33,La Paz,-16.5,-68.15,42.8,93,fog,75,5.75,BO,2021-03-30 00:16:27
34,Cidreira,-30.1811,-50.2056,70.11,66,clear sky,9,7.36,BR,2021-03-30 00:15:35
35,Kostyantynivka,48.5277,37.7069,34.09,82,clear sky,8,8.01,UA,2021-03-30 00:20:57
36,Husavik,66.0449,-17.3389,21.2,86,overcast clouds,90,3.44,IS,2021-03-30 00:20:57
37,Necochea,-38.5473,-58.7368,57.99,95,few clouds,17,6.58,AR,2021-03-30 00:20:57
38,Yellowknife,62.456,-114.3525,6.8,43,clear sky,1,8.05,CA,2021-03-30 00:13:02
39,Loa Janan,-0.583,117.095,76.19,96,moderate rain,97,2.71,ID,2021-03-30 00:20:58
40,Hami,42.8,93.45,51.06,36,overcast clouds,100,12.71,CN,2021-03-30 00:19:39
41,Puerto Quijarro,-17.7833,-57.7667,79.38,63,scattered clouds,32,4.12,BO,2021-03-30 00:20:59
42,Tricase,39.9304,18.3553,53.01,100,mist,75,5.75,IT,2021-03-30 00:20:59
43,Souillac,-20.5167,57.5167,73.4,94,few clouds,20,8.05,MU,2021-03-30 00:15:09
44,Lhokseumawe,5.1801,97.1507,77.99,82,overcast clouds,100,4.7,ID,2021-03-30 00:20:59
45,Lorengau,-2.0226,147.2712,83.66,74,overcast clouds,100,5.35,PG,2021-03-30 00:14:31
46,Evensk,61.95,159.2333,7.86,68,few clouds,18,2.21,RU,2021-03-30 00:17:33
47,Rikitea,-23.1203,-134.9692,78.82,70,clear sky,8,15.32,PF,2021-03-30 00:14:38
48,Ponta Do Sol,32.6667,-17.1,62.6,67,few clouds,20,14.97,PT,2021-03-30 00:17:48
49,Bontang,0.1333,117.5,76.19,90,overcast clouds,100,4.74,ID,2021-03-30 00:21:00
50,Hobart,-42.8794,147.3294,63.0,58,clear sky,0,12.66,AU,2021-03-30 00:14:33
51,Punta Arenas,-53.15,-70.9167,46.4,93,broken clouds,75,4.61,CL,2021-03-30 00:14:12
52,Girne,35.3417,33.3167,46.4,76,clear sky,0,9.22,CY,2021-03-30 00:19:10
53,New Norfolk,-42.7826,147.0587,64.0,62,overcast clouds,100,3.98,AU,2021-03-30 00:15:01
54,Zhanakorgan,43.9098,67.2495,38.53,72,overcast clouds,92,5.5,KZ,2021-03-30 00:21:01
55,Tilichiki,60.4667,166.1,8.22,77,few clouds,14,4.99,RU,2021-03-30 00:21:01
56,Bubaque,11.2833,-15.8333,75.97,70,clear sky,8,12.93,GW,2021-03-30 00:21:02
57,Gravdal,68.1214,13.5031,39.65,93,overcast clouds,100,17.13,NO,2021-03-30 00:18:47
58,Valparaiso,-33.0393,-71.6273,55.4,88,few clouds,20,2.3,CL,2021-03-30 00:21:02
59,Bengkulu,-3.8004,102.2655,75.7,89,broken clouds,72,3.62,ID,2021-03-30 00:16:46
60,Santa Luzia,-19.7697,-43.8514,71.6,83,broken clouds,75,6.91,BR,2021-03-30 00:18:23
61,Torbay,47.6666,-52.7314,39.99,100,light rain,90,24.16,CA,2021-03-30 00:16:12
62,Goma,-1.6792,29.2228,61.93,87,overcast clouds,99,3.2,CD,2021-03-30 00:21:03
63,Fare,-16.7,-151.0167,81.99,73,scattered clouds,35,13.98,PF,2021-03-30 00:21:03
64,Aviles,43.5547,-5.9248,60.01,72,overcast clouds,85,3.44,ES,2021-03-30 00:21:04
65,Barra Dos Coqueiros,-10.9089,-37.0386,80.6,83,broken clouds,75,8.05,BR,2021-03-30 00:18:34
66,Maniitsoq,65.4167,-52.9,22.8,53,overcast clouds,100,16.33,GL,2021-03-30 00:21:04
67,Idlib,35.9306,36.6339,42.8,100,clear sky,0,1.14,SY,2021-03-30 00:21:05
68,Puerto Plata,19.7934,-70.6884,77.0,88,few clouds,20,11.5,DO,2021-03-30 00:19:12
69,Tasiilaq,65.6145,-37.6368,17.6,49,clear sky,0,2.3,GL,2021-03-30 00:14:48
70,Busselton,-33.65,115.3333,68.0,95,few clouds,12,1.01,AU,2021-03-30 00:14:54
71,Petropavlovsk-Kamchatskiy,53.0452,158.6483,32.0,59,light snow,75,6.71,RU,2021-03-30 00:21:05
72,Coihaique,-45.5752,-72.0662,60.8,77,clear sky,0,4.41,CL,2021-03-30 00:19:02
73,Itoman,26.1247,127.6694,75.2,88,broken clouds,75,6.91,JP,2021-03-30 00:21:06
74,Hermanus,-34.4187,19.2345,64.0,64,scattered clouds,27,4.92,ZA,2021-03-30 00:14:59
75,Mecca,21.4267,39.8261,75.45,51,clear sky,3,3.89,SA,2021-03-30 00:21:07
76,Mount Isa,-20.7333,139.5,86.0,35,scattered clouds,40,17.27,AU,2021-03-30 00:21:07
77,Alofi,-19.0595,-169.9187,86.0,74,few clouds,11,11.5,NU,2021-03-30 00:15:17
78,Vaini,-21.2,-175.2,78.8,89,light rain,75,9.22,TO,2021-03-30 00:15:42
79,Sabang,5.8933,95.3214,81.27,77,light rain,100,15.35,ID,2021-03-30 00:17:07
80,Mogadishu,2.0371,45.3438,80.46,84,few clouds,14,12.06,SO,2021-03-30 00:18:21
81,Kavieng,-2.5744,150.7967,85.39,67,overcast clouds,100,12.1,PG,2021-03-30 00:15:13
82,Makrisia,37.6167,21.6,53.6,87,broken clouds,75,3.6,GR,2021-03-30 00:21:08
83,Erenhot,43.6475,111.9767,44.01,30,overcast clouds,100,14.43,CN,2021-03-30 00:16:03
84,Rocha,-34.4833,-54.3333,65.73,88,broken clouds,65,11.18,UY,2021-03-30 00:19:09
85,Dudinka,69.4058,86.1778,-16.28,93,few clouds,20,15.86,RU,2021-03-30 00:21:09
86,Lata,40.1629,-8.3327,57.99,84,scattered clouds,30,4.34,PT,2021-03-30 00:18:16
87,Upernavik,72.7868,-56.1549,-6.41,73,overcast clouds,97,7.02,GL,2021-03-30 00:14:36
88,Sibolga,1.7427,98.7792,75.33,94,overcast clouds,100,3.69,ID,2021-03-30 00:17:10
89,Constantine,36.365,6.6147,53.6,76,clear sky,0,6.91,DZ,2021-03-30 00:21:10
90,Kontagora,10.3999,5.4695,80.49,17,clear sky,5,5.99,NG,2021-03-30 00:21:10
91,Imbituba,-28.24,-48.6703,71.6,100,broken clouds,75,3.44,BR,2021-03-30 00:16:31
92,Thompson,55.7435,-97.8558,8.6,85,snow,90,23.02,CA,2021-03-30 00:16:06
93,Jaciara,-15.9653,-54.9683,73.67,58,scattered clouds,32,2.77,BR,2021-03-30 00:21:11
94,Asau,46.4333,26.4,37.0,69,light snow,0,4.61,RO,2021-03-30 00:16:21
95,Coruripe,-10.1256,-36.1756,78.26,84,broken clouds,73,8.68,BR,2021-03-30 00:21:11
96,Tautira,-17.7333,-149.15,87.8,62,light rain,40,5.75,PF,2021-03-30 00:21:11
97,Constitucion,-35.3333,-72.4167,54.81,89,scattered clouds,26,1.92,CL,2021-03-30 00:14:29
98,Myre,69.1036,15.9492,36.0,93,drizzle,100,5.75,NO,2021-03-30 00:21:12
99,Dikson,73.5069,80.5464,-28.55,99,scattered clouds,41,7.67,RU,2021-03-30 00:14:53
100,Yerofey Pavlovich,53.9667,121.9667,23.85,74,clear sky,10,2.98,RU,2021-03-30 00:21:13
101,Outjo,-20.1167,16.15,64.27,82,light rain,48,2.86,NA,2021-03-30 00:21:13
102,Santa Cruz,-17.8,-63.1667,69.8,78,broken clouds,66,11.5,BO,2021-03-30 00:16:42
103,Provideniya,64.3833,-173.3,19.4,79,light snow,90,8.95,RU,2021-03-30 00:14:51
104,Zemio,5.0314,25.1361,71.01,34,broken clouds,55,1.77,CF,2021-03-30 00:21:14
105,Katangli,51.7102,143.2326,32.32,99,overcast clouds,100,3.58,RU,2021-03-30 00:21:14
106,Port Macquarie,-31.4333,152.9167,72.0,66,broken clouds,84,1.99,AU,2021-03-30 00:21:14
107,Kapaa,22.0752,-159.319,75.2,78,moderate rain,75,13.8,US,2021-03-30 00:10:50
108,Ostrovnoy,68.0531,39.5131,34.45,96,light snow,100,23.6,RU,2021-03-30 00:21:15
109,Progreso,21.2833,-89.6667,86.0,51,broken clouds,75,8.05,MX,2021-03-30 00:21:15
110,Albany,42.6001,-73.9662,41.0,30,clear sky,2,9.53,US,2021-03-30 00:13:31
111,Ostrowiec Swietokrzyski,50.9294,21.3853,46.99,92,moderate rain,100,1.99,PL,2021-03-30 00:21:16
112,Isangel,-19.55,169.2667,82.4,83,broken clouds,75,6.91,VU,2021-03-30 00:16:29
113,Campana,-34.1687,-58.9591,66.99,70,broken clouds,70,5.3,AR,2021-03-30 00:17:24
114,Najran,17.4924,44.1277,66.2,30,dust,2,1.54,SA,2021-03-30 00:21:17
115,Nikolskoye,59.7035,30.7861,42.8,81,moderate rain,90,11.18,RU,2021-03-30 00:15:15
116,Floro,61.5996,5.0328,42.8,81,light rain,90,20.71,NO,2021-03-30 00:17:34
117,Vestmannaeyjar,63.4427,-20.2734,33.69,65,overcast clouds,100,3.51,IS,2021-03-30 00:15:11
118,Srednekolymsk,67.45,153.6833,10.72,77,broken clouds,67,3.62,RU,2021-03-30 00:21:17
119,Saint-Augustin,51.226,-58.6502,31.98,98,snow,100,23.4,CA,2021-03-30 00:16:10
120,Hilo,19.7297,-155.09,78.8,61,light rain,40,6.91,US,2021-03-30 00:15:07
121,Chuy,-33.6971,-53.4616,67.37,81,scattered clouds,44,14.63,UY,2021-03-30 00:14:57
122,Port Alfred,-33.5906,26.891,68.27,89,overcast clouds,92,21.77,ZA,2021-03-30 00:14:44
123,San Patricio,28.017,-97.5169,64.99,77,overcast clouds,90,12.66,US,2021-03-30 00:15:40
124,Shirakamut,40.8606,44.1528,24.8,68,scattered clouds,31,1.63,AM,2021-03-30 00:21:19
125,Ambon,-3.6954,128.1814,86.0,74,few clouds,20,3.44,ID,2021-03-30 00:16:37
126,Tura,25.5198,90.2201,66.67,76,scattered clouds,27,6.4,IN,2021-03-30 00:14:54
127,Santa Cruz De Tenerife,28.4682,-16.2546,63.0,82,broken clouds,75,9.22,ES,2021-03-30 00:21:19
128,Oda,35.1833,132.5,60.8,55,broken clouds,75,2.3,JP,2021-03-30 00:21:20
129,Baykit,61.67,96.37,7.21,98,broken clouds,82,0.51,RU,2021-03-30 00:21:20
130,Lagoa,39.05,-27.9833,58.57,80,overcast clouds,100,12.01,PT,2021-03-30 00:21:21
131,Kysyl-Syr,63.8986,122.7617,15.93,96,overcast clouds,95,2.86,RU,2021-03-30 00:21:21
132,Kilindoni,-7.9139,39.6668,81.72,76,moderate rain,40,12.93,TZ,2021-03-30 00:21:21
133,Ortona,42.3496,14.4039,53.01,87,scattered clouds,26,4.61,IT,2021-03-30 00:21:22
134,Keningau,5.3378,116.1602,80.6,89,few clouds,20,2.3,MY,2021-03-30 00:21:22
135,Cape Town,-33.9258,18.4232,64.0,88,broken clouds,75,10.36,ZA,2021-03-30 00:13:29
136,Mahebourg,-20.4081,57.7,73.4,94,few clouds,20,8.05,MU,2021-03-30 00:15:49
137,Dulovo,43.8167,27.15,46.99,39,scattered clouds,46,5.99,BG,2021-03-30 00:21:23
138,Marsh Harbour,26.5412,-77.0636,76.64,74,overcast clouds,99,6.71,BS,2021-03-30 00:16:54
139,High Level,58.5169,-117.136,12.2,62,few clouds,20,9.22,CA,2021-03-30 00:19:29
140,Bathsheba,13.2167,-59.5167,77.0,73,scattered clouds,40,20.71,BB,2021-03-30 00:18:13
141,Nantucket,41.2835,-70.0995,44.6,65,clear sky,1,10.36,US,2021-03-30 00:17:08
142,Las Vegas,36.175,-115.1372,84.2,6,clear sky,1,3.44,US,2021-03-30 00:19:10
143,Jati,24.3539,68.2671,76.73,80,broken clouds,69,15.57,PK,2021-03-30 00:21:24
144,Saldanha,-33.0117,17.9442,64.4,88,clear sky,4,3.44,ZA,2021-03-30 00:17:37
145,Faanui,-16.4833,-151.75,82.35,72,light rain,67,15.43,PF,2021-03-30 00:15:53
146,Cockburn Town,21.4612,-71.1419,77.52,82,clear sky,0,22.26,TC,2021-03-30 00:15:26
147,Coquimbo,-29.9533,-71.3436,57.2,88,clear sky,0,5.75,CL,2021-03-30 00:21:25
148,Namibe,-15.1961,12.1522,75.33,81,light rain,89,3.31,AO,2021-03-30 00:20:00
149,Santa Fe,-31.6333,-60.7,72.0,75,overcast clouds,98,5.12,AR,2021-03-30 00:20:59
150,Shiyan,32.6475,110.7781,57.9,54,overcast clouds,100,6.42,CN,2021-03-30 00:21:25
151,Porto Novo,6.4965,2.6036,84.2,84,scattered clouds,40,9.22,BJ,2021-03-30 00:21:26
152,Korla,41.7597,86.1469,41.29,87,overcast clouds,100,18.25,CN,2021-03-30 00:16:20
153,Muromtsevo,56.3724,75.2418,10.27,96,overcast clouds,99,6.44,RU,2021-03-30 00:21:27
154,Saskylakh,71.9167,114.0833,-17.55,98,overcast clouds,99,6.53,RU,2021-03-30 00:12:14
155,Saint-Pierre,-21.3393,55.4781,77.0,73,clear sky,0,5.75,RE,2021-03-30 00:18:21
156,Butaritari,3.0707,172.7902,81.32,79,scattered clouds,34,15.59,KI,2021-03-30 00:14:30
157,Basco,20.4487,121.9702,80.62,80,broken clouds,60,11.88,PH,2021-03-30 00:21:28
158,Lompoc,34.6391,-120.4579,60.01,63,clear sky,0,17.27,US,2021-03-30 00:15:49
159,Mayo,38.8876,-76.5119,53.6,40,clear sky,1,5.37,US,2021-03-30 00:21:28
160,Sao Joao Da Barra,-21.6403,-41.0511,77.41,90,broken clouds,77,5.68,BR,2021-03-30 00:21:14
161,Tiksi,71.6872,128.8694,6.49,93,overcast clouds,100,4.25,RU,2021-03-30 00:15:36
162,Waki,34.0667,134.15,62.6,72,few clouds,20,6.91,JP,2021-03-30 00:21:29
163,Sirari,-1.2333,34.4333,61.18,91,light rain,100,4.97,TZ,2021-03-30 00:21:29
164,Pyshma,56.9523,63.2513,13.32,97,scattered clouds,30,2.95,RU,2021-03-30 00:21:30
165,Gushikawa,26.3544,127.8686,73.4,94,overcast clouds,90,3.44,JP,2021-03-30 00:21:30
166,Port Lincoln,-34.7333,135.8667,69.94,65,clear sky,1,5.41,AU,2021-03-30 00:21:30
167,Touros,-5.1989,-35.4608,78.8,89,scattered clouds,40,5.75,BR,2021-03-30 00:14:52
168,Maceio,-9.6658,-35.7353,77.0,94,scattered clouds,40,3.44,BR,2021-03-30 00:18:22
169,San Jeronimo,-11.9472,-75.2829,50.23,80,overcast clouds,100,2.44,PE,2021-03-30 00:21:31
170,Marienburg,54.0359,19.0266,51.01,85,overcast clouds,100,7.43,PL,2021-03-30 00:21:32
171,Christiana,-27.914,25.1611,61.32,45,clear sky,1,6.31,ZA,2021-03-30 00:21:32
172,Morro Bay,35.3658,-120.8499,73.99,78,clear sky,5,11.99,US,2021-03-30 00:21:32
173,Vestmanna,62.1564,-7.1664,37.4,81,broken clouds,75,5.01,FO,2021-03-30 00:21:33
174,Mohanur,11.0833,78.1667,78.8,89,mist,20,3.44,IN,2021-03-30 00:21:33
175,Hamilton,39.1834,-84.5333,54.0,37,clear sky,1,9.22,US,2021-03-30 00:13:08
176,Svetlogorsk,52.6333,29.7333,38.21,84,overcast clouds,96,6.13,BY,2021-03-30 00:21:34
177,Mugur-Aksy,50.35,90.5,12.74,73,clear sky,7,5.44,RU,2021-03-30 00:21:34
178,Jalu,29.0331,21.5482,56.25,48,scattered clouds,38,8.77,LY,2021-03-30 00:19:45
179,Banjar,-8.19,114.9675,80.6,94,scattered clouds,40,2.3,ID,2021-03-30 00:18:58
180,Louviers,49.2167,1.1667,46.4,66,clear sky,0,6.91,FR,2021-03-30 00:21:35
181,Sogne,58.0833,7.8167,48.2,87,overcast clouds,90,10.36,NO,2021-03-30 00:21:35
182,Axim,4.8699,-2.2405,78.87,88,clear sky,0,6.82,GH,2021-03-30 00:21:35
183,Alekseyevsk,57.8406,108.3492,31.75,93,overcast clouds,100,5.17,RU,2021-03-30 00:21:36
184,Namatanai,-3.6667,152.4333,85.48,65,overcast clouds,96,5.82,PG,2021-03-30 00:19:13
185,Chokurdakh,70.6333,147.9167,-0.62,97,overcast clouds,97,4.85,RU,2021-03-30 00:15:22
186,Kiruna,67.8557,20.2251,32.0,86,overcast clouds,90,14.97,SE,2021-03-30 00:16:18
187,Vardo,70.3705,31.1107,34.84,82,overcast clouds,90,9.78,NO,2021-03-30 00:20:21
188,Kodiak,57.79,-152.4072,46.4,61,scattered clouds,40,11.5,US,2021-03-30 00:17:37
189,General Roca,-39.0333,-67.5833,73.4,28,clear sky,0,4.61,AR,2021-03-30 00:21:36
190,Bestobe,52.4994,73.0975,8.13,95,few clouds,11,9.24,KZ,2021-03-30 00:21:37
191,Murighiol,45.0333,29.1667,41.0,87,overcast clouds,91,13.8,RO,2021-03-30 00:21:37
192,Ambikapur,23.1167,83.2,70.9,18,broken clouds,54,5.17,IN,2021-03-30 00:21:38
193,Antofagasta,-23.65,-70.4,62.6,77,clear sky,0,11.5,CL,2021-03-30 00:20:25
194,Saint-Honore,48.5334,-71.0824,25.0,74,broken clouds,59,19.57,CA,2021-03-30 00:21:38
195,Hithadhoo,-0.6,73.0833,83.91,72,overcast clouds,100,23.47,MV,2021-03-30 00:15:22
196,Muros,42.7762,-9.0603,54.0,82,overcast clouds,85,8.05,ES,2021-03-30 00:21:39
197,Barrow,71.2906,-156.7887,-0.4,65,snow,1,27.63,US,2021-03-30 00:15:11
198,Pangnirtung,66.1451,-65.7125,13.03,95,light snow,100,3.13,CA,2021-03-30 00:15:40
199,Tabory,58.5198,64.5495,9.48,97,broken clouds,64,3.02,RU,2021-03-30 00:19:28
200,Carnarvon,-24.8667,113.6333,78.8,89,broken clouds,62,12.66,AU,2021-03-30 00:15:52
201,Vezirkopru,41.1436,35.4547,39.2,75,broken clouds,75,18.41,TR,2021-03-30 00:21:40
202,Vila Franca Do Campo,37.7167,-25.4333,60.8,88,scattered clouds,40,14.97,PT,2021-03-30 00:18:16
203,Myitkyina,25.3833,97.4,62.26,35,clear sky,2,2.64,MM,2021-03-30 00:21:41
204,Khash,28.2211,61.2158,52.29,33,clear sky,7,6.02,IR,2021-03-30 00:21:41
205,Sinnamary,5.3833,-52.95,77.61,86,overcast clouds,93,14.54,GF,2021-03-30 00:15:33
206,Buritis,-15.6178,-46.4233,74.84,56,few clouds,16,3.22,BR,2021-03-30 00:18:09
207,Shingu,33.7333,135.9833,64.4,68,broken clouds,75,4.61,JP,2021-03-30 00:16:33
208,Kosh-Agach,50.0,88.6667,1.81,90,clear sky,9,4.36,RU,2021-03-30 00:21:43
209,Victoria,22.2855,114.1577,78.01,85,few clouds,24,1.01,HK,2021-03-30 00:13:24
210,Dolny Kubin,49.2098,19.3034,45.0,94,light rain,100,1.01,SK,2021-03-30 00:21:44
211,Chaplynka,46.3651,33.5403,41.88,84,broken clouds,72,10.78,UA,2021-03-30 00:21:44
212,Pemangkat,1.1667,108.9667,78.03,85,overcast clouds,99,3.58,ID,2021-03-30 00:21:14
213,Matamoros,25.5333,-103.25,80.6,29,broken clouds,75,9.91,MX,2021-03-30 00:21:45
214,Qingdao,36.0986,120.3719,55.99,44,clear sky,0,2.24,CN,2021-03-30 00:21:45
215,Anadyr,64.75,177.4833,6.8,85,snow,75,17.9,RU,2021-03-30 00:19:33
216,Zempoala,19.45,-96.4167,73.99,78,broken clouds,75,13.8,MX,2021-03-30 00:21:46
217,Ancud,-41.8697,-73.8203,59.0,77,clear sky,0,9.22,CL,2021-03-30 00:18:48
218,Leszno,51.8403,16.5749,54.0,70,overcast clouds,98,1.99,PL,2021-03-30 00:21:12
219,East London,-33.0153,27.9116,68.74,90,light rain,98,15.55,ZA,2021-03-30 00:16:30
220,Urengoy,65.9667,78.3667,-0.15,97,overcast clouds,100,2.57,RU,2021-03-30 00:21:47
221,Umm Lajj,25.0213,37.2685,71.29,57,broken clouds,71,8.9,SA,2021-03-30 00:21:47
222,Beloha,-25.1667,45.05,67.73,86,light rain,3,4.36,MG,2021-03-30 00:21:44
223,Poum,-20.2333,164.0167,79.92,75,light rain,91,8.84,NC,2021-03-30 00:21:47
224,Arman,59.7,150.1667,24.66,68,overcast clouds,100,6.33,RU,2021-03-30 00:21:48
225,Walvis Bay,-22.9575,14.5053,61.0,82,clear sky,7,5.75,NA,2021-03-30 00:21:49
226,Kanniyakumari,8.0833,77.5667,80.53,79,broken clouds,70,11.21,IN,2021-03-30 00:21:49
227,Jaru,-10.4389,-62.4664,73.6,96,broken clouds,67,3.06,BR,2021-03-30 00:21:50
228,Lodja,-3.4833,23.4333,68.36,89,overcast clouds,100,1.12,CD,2021-03-30 00:21:51
229,Sydney,-33.8679,151.2073,68.0,63,broken clouds,75,17.27,AU,2021-03-30 00:19:54
230,Kerouane,9.2667,-9.0167,77.0,69,scattered clouds,43,4.43,GN,2021-03-30 00:21:52
231,Sinop,41.7711,34.8709,36.5,96,light rain,100,0.94,TR,2021-03-30 00:21:52
232,Samarai,-10.6167,150.6667,84.49,72,overcast clouds,99,10.51,PG,2021-03-30 00:18:29
233,Rudnya,54.947,31.0934,36.93,95,overcast clouds,92,10.58,RU,2021-03-30 00:21:52
234,Hambantota,6.1241,81.1185,76.03,81,overcast clouds,100,14.72,LK,2021-03-30 00:19:11
235,Manicore,-5.8092,-61.3003,75.52,95,moderate rain,71,2.04,BR,2021-03-30 00:21:53
236,Wattegama,6.7989,81.4808,73.67,85,overcast clouds,100,5.06,LK,2021-03-30 00:21:53
237,Wonthaggi,-38.6044,145.5913,63.0,67,overcast clouds,99,5.55,AU,2021-03-30 00:21:54
238,Pudozh,61.8099,36.5345,35.91,93,light rain,100,15.19,RU,2021-03-30 00:21:54
239,Codrington,-38.2667,141.9667,63.81,70,broken clouds,71,5.39,AU,2021-03-30 00:15:05
240,Pleshanovo,52.8333,53.4833,19.78,99,broken clouds,72,4.97,RU,2021-03-30 00:20:17
241,Olafsvik,64.8945,-23.7142,30.06,68,overcast clouds,100,14.83,IS,2021-03-30 00:14:51
242,Baker City,44.7749,-117.8344,42.8,36,overcast clouds,90,12.66,US,2021-03-30 00:21:34
243,Acarau,-2.8856,-40.12,77.86,85,broken clouds,54,7.76,BR,2021-03-30 00:21:55
244,Hailey,43.5196,-114.3153,35.6,21,few clouds,20,18.41,US,2021-03-30 00:21:56
245,Esperance,-33.8667,121.9,84.2,23,scattered clouds,40,18.41,AU,2021-03-30 00:16:06
246,Peiting,47.8,10.9333,45.0,60,scattered clouds,37,3.44,DE,2021-03-30 00:21:57
247,Maltahohe,-24.8333,16.9833,69.66,47,broken clouds,55,5.46,NA,2021-03-30 00:21:57
248,Naze,28.3667,129.4833,71.6,94,broken clouds,75,9.22,JP,2021-03-30 00:19:24
249,Oum Hadjer,13.2954,19.6966,72.23,9,clear sky,0,12.46,TD,2021-03-30 00:21:57
250,Ahipara,-35.1667,173.1667,70.99,86,scattered clouds,34,10.6,NZ,2021-03-30 00:14:43
251,Mirnyy,62.5353,113.9611,19.06,94,light snow,99,3.62,RU,2021-03-30 00:21:58
252,Tucuman,-26.8241,-65.2226,71.6,73,clear sky,0,2.93,AR,2021-03-30 00:20:35
253,The Valley,18.217,-63.0578,78.8,78,scattered clouds,40,14.97,AI,2021-03-30 00:14:39
254,Yerbogachen,61.2767,108.0108,20.88,96,overcast clouds,99,0.56,RU,2021-03-30 00:18:24
255,Asyut,27.181,31.1837,53.6,66,clear sky,0,14.97,EG,2021-03-30 00:21:59
256,Chapada Dos Guimaraes,-15.4606,-55.7497,84.2,65,scattered clouds,40,5.75,BR,2021-03-30 00:21:59
257,Theunissen,-28.411,26.7011,55.62,83,scattered clouds,29,6.15,ZA,2021-03-30 00:22:00
258,Inhambane,-23.865,35.3833,68.47,70,clear sky,0,4.52,MZ,2021-03-30 00:15:24
259,Geraldton,-28.7667,114.6,75.2,69,broken clouds,75,9.22,AU,2021-03-30 00:17:56
260,Malgrat De Mar,41.6466,2.7414,52.0,93,clear sky,0,1.72,ES,2021-03-30 00:22:00
261,Ilabaya,-17.4208,-70.5133,67.32,74,scattered clouds,34,2.17,PE,2021-03-30 00:22:01
262,Kaitangata,-46.2817,169.8464,61.0,81,overcast clouds,100,8.01,NZ,2021-03-30 00:17:38
263,Balakhninskiy,58.0106,114.2769,15.6,90,overcast clouds,95,2.37,RU,2021-03-30 00:22:01
264,Kangaatsiaq,68.3065,-53.4641,7.66,75,overcast clouds,99,12.59,GL,2021-03-30 00:22:01
265,Pacific Grove,36.6177,-121.9166,57.2,58,clear sky,1,8.05,US,2021-03-30 00:20:49
266,Saint-Philippe,-21.3585,55.7679,77.0,73,clear sky,0,5.75,RE,2021-03-30 00:15:52
267,Karaton,-6.3424,106.1045,82.99,89,haze,40,4.61,ID,2021-03-30 00:22:02
268,Koumac,-20.5667,164.2833,83.17,65,overcast clouds,100,8.93,NC,2021-03-30 00:22:03
269,Byron Bay,-28.65,153.6167,73.4,94,overcast clouds,90,6.91,AU,2021-03-30 00:19:04
270,Arawa,-6.2132,155.5367,87.6,61,overcast clouds,88,4.12,PG,2021-03-30 00:22:03
271,Sao Jose Da Coroa Grande,-8.8978,-35.1478,78.93,84,scattered clouds,31,7.58,BR,2021-03-30 00:22:04
272,Narsaq,60.9167,-46.05,24.8,46,broken clouds,75,2.3,GL,2021-03-30 00:15:07
273,Krasnoselkup,65.7,82.4667,-9.04,91,overcast clouds,100,7.78,RU,2021-03-30 00:22:04
274,Darab,28.7519,54.5444,65.14,25,clear sky,1,1.39,IR,2021-03-30 00:22:05
275,Bonthe,7.5264,-12.505,78.39,85,moderate rain,94,2.8,SL,2021-03-30 00:19:23
276,Kahului,20.8947,-156.47,80.6,65,light rain,40,17.27,US,2021-03-30 00:19:00
277,Tirukkoyilur,11.95,79.2,76.46,76,scattered clouds,33,4.79,IN,2021-03-30 00:22:05
278,Magistralnyy,56.1725,107.4458,31.8,86,overcast clouds,92,6.06,RU,2021-03-30 00:22:06
279,Hay River,60.8156,-115.7999,5.0,47,overcast clouds,99,4.61,CA,2021-03-30 00:22:07
280,Berlevag,70.8578,29.0864,33.51,81,scattered clouds,49,11.52,NO,2021-03-30 00:22:07
281,Aurillac,44.9167,2.45,46.4,61,clear sky,0,3.44,FR,2021-03-30 00:22:07
282,Chandbali,20.7833,86.7667,76.32,94,few clouds,22,12.57,IN,2021-03-30 00:22:08
283,Salvador,13.8333,-88.9167,89.6,54,clear sky,0,12.66,SV,2021-03-30 00:22:08
284,Klaksvik,62.2266,-6.589,37.4,81,broken clouds,75,4.52,FO,2021-03-30 00:14:41
285,Bambous Virieux,-20.3428,57.7575,75.0,94,few clouds,20,8.05,MU,2021-03-30 00:15:28
286,Puerto Escondido,15.85,-97.0667,75.2,94,scattered clouds,40,9.22,MX,2021-03-30 00:19:38
287,Aklavik,68.2191,-135.0107,5.0,51,broken clouds,75,8.05,CA,2021-03-30 00:22:09
288,Khandbari,27.3747,87.2039,63.37,31,broken clouds,81,4.27,NP,2021-03-30 00:17:13
289,Ranavav,21.6842,69.7408,75.61,83,clear sky,8,6.96,IN,2021-03-30 00:22:09
290,Severo-Yeniseyskiy,60.3725,93.0408,3.65,99,overcast clouds,100,1.36,RU,2021-03-30 00:22:10
291,Mamakan,57.8161,114.0028,17.38,87,overcast clouds,96,1.79,RU,2021-03-30 00:22:10
292,Bo Phloi,14.3236,99.5161,80.46,59,scattered clouds,31,4.59,TH,2021-03-30 00:22:10
293,Abu Kamal,34.4506,40.9171,54.75,29,clear sky,7,1.3,SY,2021-03-30 00:22:11
294,Nishihara,26.1842,127.7558,75.2,94,broken clouds,75,4.61,JP,2021-03-30 00:22:11
295,Zhezkazgan,47.8043,67.7144,22.75,81,overcast clouds,100,4.92,KZ,2021-03-30 00:16:41
296,Upington,-28.4478,21.2561,75.2,38,clear sky,0,8.05,ZA,2021-03-30 00:22:12
297,Beatrice,40.2681,-96.747,73.4,31,clear sky,1,20.71,US,2021-03-30 00:22:12
298,Collie,-33.3667,116.15,68.0,85,clear sky,10,5.99,AU,2021-03-30 00:22:12
299,Suluq,31.6682,20.2521,55.11,76,clear sky,0,7.96,LY,2021-03-30 00:18:15
300,Bethel,41.3712,-73.414,50.0,23,clear sky,1,4.61,US,2021-03-30 00:14:52
301,Fort Nelson,58.8053,-122.7002,21.2,53,scattered clouds,40,3.44,CA,2021-03-30 00:15:13
302,Otradnoye,59.7775,30.8181,42.8,81,moderate rain,90,17.9,RU,2021-03-30 00:22:13
303,Palmer,42.1584,-72.3287,44.01,36,clear sky,1,12.66,US,2021-03-30 00:17:35
304,Muli,2.9167,73.5667,81.57,76,overcast clouds,100,14.61,MV,2021-03-30 00:22:14
305,Paamiut,61.994,-49.6678,26.49,68,overcast clouds,100,20.49,GL,2021-03-30 00:22:14
306,Aljezur,37.3191,-8.8033,61.83,76,broken clouds,76,14.14,PT,2021-03-30 00:16:49
307,Hovd,48.0056,91.6419,30.6,40,broken clouds,78,7.56,MN,2021-03-30 00:22:15
308,Airai,-8.9266,125.4092,60.75,98,overcast clouds,100,4.5,TL,2021-03-30 00:14:45
309,Sao Filipe,14.8961,-24.4956,69.37,73,broken clouds,73,12.39,CV,2021-03-30 00:21:49
310,Raymondville,26.4815,-97.7831,66.2,72,overcast clouds,90,8.05,US,2021-03-30 00:22:15
311,Vostok,46.4856,135.8833,32.23,99,light snow,100,3.71,RU,2021-03-30 00:17:34
312,Cherskiy,68.75,161.3,1.85,91,overcast clouds,100,8.63,RU,2021-03-30 00:16:04
313,Masuguru,-11.3667,38.4167,71.24,98,overcast clouds,100,3.27,TZ,2021-03-30 00:22:16
314,Passagem Franca,-6.1797,-43.7836,72.54,97,overcast clouds,99,2.28,BR,2021-03-30 00:22:16
315,La Palma,33.8464,-118.0467,77.0,63,few clouds,20,9.22,US,2021-03-30 00:22:16
316,Zyryanka,65.75,150.85,8.91,84,scattered clouds,30,9.35,RU,2021-03-30 00:22:17
317,Nome,64.5011,-165.4064,35.01,93,light snow,90,5.75,US,2021-03-30 00:12:44
318,Spolaita,38.6966,21.3464,55.4,94,broken clouds,75,4.09,GR,2021-03-30 00:22:17
319,Sarbogard,46.8869,18.6204,55.0,48,overcast clouds,99,3.0,HU,2021-03-30 00:22:18
320,Conde,-7.2597,-34.9075,80.6,94,clear sky,0,4.61,BR,2021-03-30 00:22:18
321,Homa Bay,-0.5273,34.4571,67.28,77,overcast clouds,100,2.95,KE,2021-03-30 00:22:18
322,Road Town,18.4167,-64.6167,78.8,78,scattered clouds,40,16.11,VG,2021-03-30 00:17:39
323,Hasaki,35.7333,140.8333,64.4,77,broken clouds,75,11.5,JP,2021-03-30 00:15:29
324,Cabo San Lucas,22.8909,-109.9124,82.99,22,scattered clouds,40,11.5,MX,2021-03-30 00:17:24
325,Tanushimaru,33.35,130.6833,62.01,70,broken clouds,71,1.99,JP,2021-03-30 00:22:19
326,Eyl,7.9803,49.8164,75.61,76,broken clouds,72,6.2,SO,2021-03-30 00:19:07
327,Arraial Do Cabo,-22.9661,-42.0278,78.42,86,broken clouds,57,7.36,BR,2021-03-30 00:15:48
328,Oranjestad,12.524,-70.027,80.6,78,scattered clouds,40,21.85,AW,2021-03-30 00:22:20
329,Matara,5.9485,80.5353,72.97,90,overcast clouds,100,10.13,LK,2021-03-30 00:22:20
330,Dutse,11.7594,9.3392,72.86,16,clear sky,0,8.72,NG,2021-03-30 00:22:21
331,Methoni,36.8197,21.7049,57.99,82,broken clouds,73,2.3,GR,2021-03-30 00:22:21
332,Payson,40.0444,-111.7321,43.0,21,scattered clouds,40,24.16,US,2021-03-30 00:17:50
333,Panotla,19.3167,-98.2667,71.6,33,broken clouds,75,9.22,MX,2021-03-30 00:22:22
334,Rosarito,32.3333,-117.0333,69.8,49,scattered clouds,40,11.5,MX,2021-03-30 00:22:22
335,Beipiao,41.7919,120.7792,47.46,21,clear sky,3,1.41,CN,2021-03-30 00:22:22
336,Jinka,5.65,36.65,68.31,53,broken clouds,52,3.27,ET,2021-03-30 00:22:23
337,Leningradskiy,69.3833,178.4167,-0.56,89,overcast clouds,100,17.38,RU,2021-03-30 00:12:02
338,Seremban,2.7297,101.9381,77.0,94,few clouds,20,3.44,MY,2021-03-30 00:22:23
339,Katherine,-14.4667,132.2667,82.4,61,clear sky,0,13.8,AU,2021-03-30 00:22:24
340,Suntar,62.1444,117.6319,16.81,91,overcast clouds,93,4.05,RU,2021-03-30 00:16:33
341,Dingle,10.9995,122.6711,81.63,76,broken clouds,66,9.64,PH,2021-03-30 00:19:40
342,Montepuez,-13.1256,38.9997,66.85,96,overcast clouds,95,8.57,MZ,2021-03-30 00:22:25
343,Pachperwa,27.5167,82.65,71.01,25,clear sky,5,6.89,IN,2021-03-30 00:22:25
344,Teguldet,57.3064,88.1667,19.6,94,overcast clouds,96,7.29,RU,2021-03-30 00:21:18
345,Pizarro,4.9533,-77.366,78.58,89,light rain,81,5.26,CO,2021-03-30 00:22:25
346,Gap,44.6667,6.0,46.99,72,few clouds,15,4.41,FR,2021-03-30 00:22:26
347,Pokrovka,42.3414,78.0056,28.49,68,overcast clouds,97,7.61,KG,2021-03-30 00:22:26
348,Clyde River,70.4692,-68.5914,-7.6,84,light snow,90,16.11,CA,2021-03-30 00:15:20
349,Padang,-0.9492,100.3543,75.2,94,broken clouds,75,5.75,ID,2021-03-30 00:19:12
350,Batagay,67.6333,134.6333,6.35,91,overcast clouds,92,1.43,RU,2021-03-30 00:21:23
351,Bayanday,53.0661,105.5139,26.17,96,overcast clouds,93,3.76,RU,2021-03-30 00:22:27
352,Villacarrillo,38.1156,-3.0848,52.38,47,few clouds,23,6.29,ES,2021-03-30 00:22:27
353,Bilibino,68.0546,166.4372,-3.08,93,overcast clouds,99,3.78,RU,2021-03-30 00:17:35
354,Seddon,-37.8068,144.8916,63.0,72,overcast clouds,93,5.75,AU,2021-03-30 00:22:28
355,Arriaga,16.2333,-93.9,86.7,51,scattered clouds,48,13.44,MX,2021-03-30 00:22:28
356,Pevek,69.7008,170.3133,-5.06,93,overcast clouds,100,3.6,RU,2021-03-30 00:17:01
357,Sault Sainte Marie,46.5168,-84.3333,33.8,69,clear sky,1,11.5,CA,2021-03-30 00:22:29
358,Sambava,-14.2667,50.1667,76.64,89,light rain,83,3.31,MG,2021-03-30 00:15:59
359,Severo-Kurilsk,50.6789,156.125,36.0,96,moderate rain,100,21.09,RU,2021-03-30 00:14:49
360,Chumikan,54.7183,135.315,27.16,95,snow,100,8.57,RU,2021-03-30 00:22:29
361,Nadym,65.5333,72.5167,10.62,95,light snow,100,9.35,RU,2021-03-30 00:22:30
362,Lichuan,30.3,108.85,56.75,97,overcast clouds,100,4.63,CN,2021-03-30 00:22:30
363,Kaeo,-35.1,173.7833,70.0,93,light rain,82,8.99,NZ,2021-03-30 00:22:30
364,Metro,-5.1131,105.3067,75.58,91,broken clouds,61,3.71,ID,2021-03-30 00:22:31
365,Popondetta,-8.7537,148.2534,88.93,53,overcast clouds,86,2.86,PG,2021-03-30 00:22:31
366,Tuatapere,-46.1333,167.6833,62.01,87,overcast clouds,100,1.01,NZ,2021-03-30 00:16:37
367,Altay,47.8667,88.1167,23.52,64,overcast clouds,98,5.68,CN,2021-03-30 00:22:32
368,Lokoja,7.8024,6.743,82.02,59,broken clouds,60,8.25,NG,2021-03-30 00:22:32
369,Ribeira Grande,38.5167,-28.7,58.8,80,overcast clouds,100,6.04,PT,2021-03-30 00:14:49
370,Kovdor,67.5662,30.4758,32.67,97,light snow,100,9.75,RU,2021-03-30 00:22:32
371,Dzilam Gonzalez,21.2833,-88.9333,81.9,59,broken clouds,66,9.71,MX,2021-03-30 00:22:33
372,Katsuura,35.1333,140.3,64.0,94,mist,75,3.44,JP,2021-03-30 00:16:57
373,Kloulklubed,7.0419,134.2556,84.2,79,broken clouds,75,8.05,PW,2021-03-30 00:14:50
374,Pisco,-13.7,-76.2167,69.8,73,clear sky,0,19.57,PE,2021-03-30 00:16:01
375,Iqaluit,63.7506,-68.5145,0.0,71,few clouds,20,19.57,CA,2021-03-30 00:15:29
376,Huntsville,34.7304,-86.5861,66.2,31,clear sky,1,4.61,US,2021-03-30 00:21:22
377,Mazatlan,23.2167,-106.4167,75.2,57,overcast clouds,90,4.61,MX,2021-03-30 00:21:04
378,Te Anau,-45.4167,167.7167,59.97,65,overcast clouds,98,1.57,NZ,2021-03-30 00:15:02
379,Hefei,31.8639,117.2808,62.01,71,haze,99,8.95,CN,2021-03-30 00:22:34
380,Pelotas,-31.7719,-52.3425,64.99,87,light rain,39,8.39,BR,2021-03-30 00:22:35
381,Santo Antonio Do Leverger,-15.8656,-56.0767,84.2,65,scattered clouds,40,5.75,BR,2021-03-30 00:22:35
382,Muravlenko,63.7898,74.523,3.78,91,overcast clouds,100,9.17,RU,2021-03-30 00:22:36
383,Calama,-22.4667,-68.9333,64.4,17,clear sky,0,11.5,CL,2021-03-30 00:21:57
384,Caxias,38.7031,-9.2767,63.0,72,clear sky,0,6.91,PT,2021-03-30 00:22:36
385,Taltal,-25.4,-70.4833,65.71,77,few clouds,19,4.74,CL,2021-03-30 00:19:46
386,Shelburne,44.0787,-80.2041,39.0,59,few clouds,18,1.01,CA,2021-03-30 00:22:37
387,Pochutla,15.7432,-96.4661,86.0,51,clear sky,1,6.98,MX,2021-03-30 00:22:37
388,Doctor Arroyo,23.6667,-100.1833,67.21,53,overcast clouds,100,12.64,MX,2021-03-30 00:22:37
389,Dawlatabad,36.4141,64.9053,43.59,62,few clouds,19,3.0,AF,2021-03-30 00:22:38
390,Privas,44.5833,4.5,50.0,57,clear sky,1,2.01,FR,2021-03-30 00:22:38
391,Boueni,-12.9025,45.0761,82.4,74,broken clouds,75,9.22,YT,2021-03-30 00:22:38
392,Mapiripan,2.8892,-72.1256,76.32,85,moderate rain,67,1.52,CO,2021-03-30 00:22:39
393,Sorada,19.75,84.4333,77.79,35,few clouds,21,3.0,IN,2021-03-30 00:22:39
394,Kruisfontein,-34.0033,24.7314,61.0,91,few clouds,19,6.78,ZA,2021-03-30 00:17:31
395,Duvan,55.695,57.9024,26.56,98,overcast clouds,100,2.1,RU,2021-03-30 00:22:40
396,Kearney,40.6995,-99.0815,75.2,30,clear sky,1,10.36,US,2021-03-30 00:22:29
397,Aliwal North,-30.6937,26.7114,58.1,63,clear sky,9,4.92,ZA,2021-03-30 00:22:40
398,Buraydah,26.326,43.975,60.8,29,clear sky,0,10.36,SA,2021-03-30 00:16:42
399,Nuevo Laredo,27.4763,-99.5164,75.2,35,broken clouds,75,17.27,MX,2021-03-30 00:22:41
400,Kemijarvi,66.7131,27.4306,32.94,97,light snow,100,8.14,FI,2021-03-30 00:22:41
401,Luderitz,-26.6481,15.1594,61.43,81,clear sky,0,7.16,NA,2021-03-30 00:15:55
402,Amudat,1.95,34.95,71.6,65,overcast clouds,91,5.5,UG,2021-03-30 00:22:42
403,Warrnambool,-38.3833,142.4833,60.01,89,overcast clouds,85,3.2,AU,2021-03-30 00:20:55
404,Santona,43.4439,-3.4576,68.0,51,overcast clouds,97,4.61,ES,2021-03-30 00:22:42
405,Kalga,50.9251,118.898,29.5,62,broken clouds,54,1.79,RU,2021-03-30 00:22:42
406,Norman Wells,65.282,-126.8329,12.2,48,broken clouds,75,8.05,CA,2021-03-30 00:15:59
407,Henties Bay,-22.116,14.2845,61.0,89,few clouds,13,4.0,NA,2021-03-30 00:21:29
408,Skalat,49.4273,25.9787,41.0,67,broken clouds,83,4.05,UA,2021-03-30 00:22:43
409,Kabare,-2.4683,28.8242,62.01,91,overcast clouds,97,0.69,CD,2021-03-30 00:22:44
410,Anuppur,23.1,81.6833,77.31,16,broken clouds,77,8.86,IN,2021-03-30 00:22:44
411,Sol-Iletsk,51.1631,54.9918,13.24,97,scattered clouds,33,6.02,RU,2021-03-30 00:22:44
412,Merauke,-8.4667,140.3333,81.68,79,light rain,100,10.02,ID,2021-03-30 00:22:13
413,Elko,41.0002,-115.5012,42.01,24,clear sky,0,15.99,US,2021-03-30 00:17:55
414,Kyaukse,21.6,96.1333,68.0,73,haze,75,5.95,MM,2021-03-30 00:22:45
415,Barguzin,53.6167,109.6167,27.84,87,broken clouds,62,3.38,RU,2021-03-30 00:22:45
416,Urucara,-2.5364,-57.76,75.24,96,broken clouds,57,1.95,BR,2021-03-30 00:22:46
417,Kalemie,-5.9475,29.1947,69.1,85,broken clouds,83,5.48,CD,2021-03-30 00:22:46
418,Griffith,41.5284,-87.4237,55.99,47,clear sky,1,17.27,US,2021-03-30 00:22:46
419,Kanker,20.2719,81.4931,76.37,18,clear sky,8,5.99,IN,2021-03-30 00:22:47
420,Jiuquan,39.7432,98.5174,45.73,48,light rain,100,6.29,CN,2021-03-30 00:22:47
421,Fairbanks,64.8378,-147.7164,33.01,74,overcast clouds,90,5.75,US,2021-03-30 00:22:47
422,Nisia Floresta,-6.0911,-35.2086,80.6,89,broken clouds,75,6.91,BR,2021-03-30 00:22:48
423,Shalinskoye,55.7228,93.7594,22.78,74,broken clouds,68,14.88,RU,2021-03-30 00:22:48
424,Acajutla,13.5928,-89.8275,91.4,35,few clouds,20,2.3,SV,2021-03-30 00:22:48
425,Assiniboia,49.6334,-105.9845,17.6,86,snow,100,40.29,CA,2021-03-30 00:22:49
426,Kavaratti,10.5669,72.642,82.27,74,overcast clouds,99,9.15,IN,2021-03-30 00:22:49
427,Dunedin,-45.8742,170.5036,57.99,82,overcast clouds,100,15.01,NZ,2021-03-30 00:14:07
428,Linqing,36.8456,115.7117,54.25,55,clear sky,4,3.49,CN,2021-03-30 00:22:49
429,Adrar,20.5022,-10.0711,81.39,10,scattered clouds,37,6.98,MR,2021-03-30 00:18:19
430,Beringovskiy,63.05,179.3167,13.12,83,overcast clouds,100,19.6,RU,2021-03-30 00:14:51
431,San Luis,-33.295,-66.3356,62.46,34,clear sky,0,9.33,AR,2021-03-30 00:22:50
432,Shkoder,42.0683,19.5126,46.0,55,overcast clouds,98,5.57,AL,2021-03-30 00:22:50
433,Richards Bay,-28.783,32.0377,65.64,84,broken clouds,75,4.12,ZA,2021-03-30 00:14:37
434,Znamenskoye,57.1281,73.8282,5.61,97,overcast clouds,94,5.44,RU,2021-03-30 00:22:51
435,Thaton,16.9206,97.3714,77.65,70,broken clouds,81,2.62,MM,2021-03-30 00:22:51
436,San Quintin,30.4833,-115.95,65.16,62,overcast clouds,100,12.08,MX,2021-03-30 00:22:51
437,Quatre Cocos,-20.2078,57.7625,75.0,94,few clouds,20,8.05,MU,2021-03-30 00:17:38
438,Woodstock,43.1334,-80.7497,36.0,69,clear sky,8,2.3,CA,2021-03-30 00:20:15
439,Talakan,50.3167,130.3667,33.64,97,light snow,100,7.58,RU,2021-03-30 00:22:52
440,Kannangad,12.3081,75.1063,78.71,83,broken clouds,62,3.42,IN,2021-03-30 00:22:52
441,Goderich,43.7501,-81.7165,41.0,56,scattered clouds,32,8.05,CA,2021-03-30 00:22:53
442,Kattivakkam,13.2167,80.3167,80.6,78,mist,96,6.91,IN,2021-03-30 00:22:53
443,Hirado,33.3597,129.5531,57.2,88,mist,75,2.3,JP,2021-03-30 00:22:53
444,La Ferte-Bernard,48.1863,0.6536,48.2,71,clear sky,0,2.3,FR,2021-03-30 00:22:54
445,Lima,-12.0432,-77.0282,77.0,78,light rain,0,10.36,PE,2021-03-30 00:22:54
446,Anamur,36.0751,32.8369,48.2,76,clear sky,0,6.91,TR,2021-03-30 00:20:21
447,Kununurra,-15.7667,128.7333,86.0,45,broken clouds,70,10.36,AU,2021-03-30 00:20:56
448,College,64.8569,-147.8028,33.01,74,overcast clouds,90,3.44,US,2021-03-30 00:19:14
449,Chubbuck,42.9208,-112.4661,39.2,22,broken clouds,75,21.85,US,2021-03-30 00:18:57
450,Pangody,65.85,74.4859,4.77,96,light snow,100,7.87,RU,2021-03-30 00:22:55
451,Duku,11.2361,4.9073,84.24,13,clear sky,0,9.33,NG,2021-03-30 00:22:55
452,Takab,36.4009,47.1133,38.44,49,clear sky,8,3.42,IR,2021-03-30 00:22:55
453,Lavrentiya,65.5833,-171.0,14.85,84,overcast clouds,100,12.37,RU,2021-03-30 00:15:34
454,Margate,51.3813,1.3862,50.0,76,few clouds,21,1.99,GB,2021-03-30 00:17:39
455,Guasdualito,7.2424,-70.7324,80.8,70,overcast clouds,90,3.58,VE,2021-03-30 00:22:56
456,Price,39.5994,-110.8107,51.8,24,clear sky,1,17.27,US,2021-03-30 00:20:01
457,Acapulco,16.8634,-99.8901,82.4,74,scattered clouds,40,12.66,MX,2021-03-30 00:11:59
458,Bandarbeyla,9.4942,50.8122,77.23,66,overcast clouds,100,6.93,SO,2021-03-30 00:22:56
459,Kongolo,-5.3833,27.0,67.5,97,overcast clouds,100,1.9,CD,2021-03-30 00:22:57
460,Cruz Alta,-28.6386,-53.6064,57.92,87,clear sky,4,5.28,BR,2021-03-30 00:22:57
461,Ilo,-17.6394,-71.3375,69.8,78,clear sky,0,9.22,PE,2021-03-30 00:22:57
462,Miri,4.4148,114.0089,78.8,83,few clouds,20,3.44,MY,2021-03-30 00:22:38
463,Alugan,12.2188,125.4808,80.98,78,overcast clouds,100,9.69,PH,2021-03-30 00:22:58
464,Nanortalik,60.1432,-45.2371,28.22,59,broken clouds,78,8.23,GL,2021-03-30 00:17:49
465,Port-Gentil,-0.7193,8.7815,78.8,94,scattered clouds,40,3.44,GA,2021-03-30 00:14:16
466,Belaya Gora,68.5333,146.4167,8.17,88,broken clouds,71,3.78,RU,2021-03-30 00:22:58
467,Iquique,-20.2208,-70.1431,69.8,64,overcast clouds,90,13.8,CL,2021-03-30 00:18:55
468,Noumea,-22.2763,166.4572,86.0,58,scattered clouds,40,10.36,NC,2021-03-30 00:18:19
469,San Juan,-31.5375,-68.5364,73.8,22,clear sky,0,9.78,AR,2021-03-30 00:19:31
470,Tandalti,13.0167,31.8667,73.74,18,clear sky,0,14.36,SD,2021-03-30 00:19:16
471,Mezen,65.8522,44.24,35.6,85,overcast clouds,100,13.71,RU,2021-03-30 00:22:59
472,Buchanan,5.8808,-10.0467,78.8,94,broken clouds,75,4.23,LR,2021-03-30 00:20:40
473,Changuinola,9.4333,-82.5167,77.14,83,few clouds,21,4.9,PA,2021-03-30 00:22:59
474,Turayf,31.6725,38.6637,50.0,37,clear sky,0,11.5,SA,2021-03-30 00:22:38
475,Lucelia,-21.7203,-51.0189,80.6,61,clear sky,0,6.91,BR,2021-03-30 00:23:00
476,Ekhabi,53.5102,142.9671,31.93,99,overcast clouds,100,4.5,RU,2021-03-30 00:23:00
477,Alice Springs,-23.7,133.8833,73.4,40,clear sky,0,13.8,AU,2021-03-30 00:19:36
478,Dhidhdhoo,6.8833,73.1,83.48,70,overcast clouds,100,10.09,MV,2021-03-30 00:23:01
479,Valdosta,30.8327,-83.2785,69.8,52,clear sky,1,3.44,US,2021-03-30 00:23:01
480,San Policarpo,12.1791,125.5072,80.8,78,overcast clouds,100,10.16,PH,2021-03-30 00:18:57
481,Dallas,32.7668,-96.7836,73.4,25,clear sky,1,16.11,US,2021-03-30 00:19:13
482,Senanga,-16.1167,23.2667,65.41,77,clear sky,4,7.63,ZM,2021-03-30 00:23:02
483,Khor,47.8861,134.9464,33.33,98,light snow,100,6.29,RU,2021-03-30 00:23:02
484,Camacha,33.0833,-16.3333,60.8,82,scattered clouds,40,14.97,PT,2021-03-30 00:23:02
485,Salme,28.0369,85.0942,55.4,76,mist,20,3.44,NP,2021-03-30 00:23:03
486,Omsukchan,62.5333,155.8,9.07,77,broken clouds,69,4.03,RU,2021-03-30 00:23:03
487,Steamboat Springs,40.485,-106.8317,37.0,48,snow,90,18.41,US,2021-03-30 00:23:03
488,Kungurtug,50.5994,97.5228,24.57,93,overcast clouds,97,1.88,RU,2021-03-30 00:23:03
489,Kenai,60.5544,-151.2583,42.8,75,clear sky,1,21.85,US,2021-03-30 00:23:04
490,Midland,31.9974,-102.0779,77.0,16,clear sky,1,21.85,US,2021-03-30 00:23:04
491,Nenjiang,49.1833,125.2167,36.99,56,clear sky,7,13.35,CN,2021-03-30 00:23:04
492,Tibiri,13.5627,7.0485,72.39,10,clear sky,0,10.69,NE,2021-03-30 00:23:05
493,Ryotsu,38.0833,138.4333,60.8,41,broken clouds,64,3.44,JP,2021-03-30 00:23:05
494,Aksay,47.26,39.87,39.2,87,scattered clouds,40,4.47,RU,2021-03-30 00:23:05
495,Port Augusta,-32.5,137.7667,75.99,60,clear sky,0,4.61,AU,2021-03-30 00:23:06
496,Narrabri,-30.3167,149.7833,73.99,56,clear sky,0,10.36,AU,2021-03-30 00:23:06
497,Port Hardy,50.6996,-127.4199,44.6,57,few clouds,20,14.97,CA,2021-03-30 00:10:00
498,Edd,13.9297,41.6925,77.77,78,clear sky,0,3.96,ER,2021-03-30 00:20:12
499,Ontario,34.0633,-117.6509,79.0,21,few clouds,20,14.97,US,2021-03-30 00:18:42
500,Misratah,32.3754,15.0925,60.3,70,clear sky,0,7.05,LY,2021-03-30 00:23:07
501,Burnie,-41.0667,145.9167,61.59,54,overcast clouds,97,6.13,AU,2021-03-30 00:23:08
502,Youhao,47.8667,128.8333,35.29,95,light snow,100,6.85,CN,2021-03-30 00:23:08
503,Palmares Do Sul,-30.2578,-50.5097,70.59,65,clear sky,2,7.63,BR,2021-03-30 00:23:09
504,Goure,13.9835,10.2704,75.0,10,clear sky,0,10.0,NE,2021-03-30 00:23:09
505,Fortuna,40.5982,-124.1573,54.0,54,clear sky,1,17.27,US,2021-03-30 00:15:56
506,Chapais,49.7834,-74.8492,15.8,73,clear sky,1,6.91,CA,2021-03-30 00:23:10
507,Hofn,64.2539,-15.2082,27.86,66,clear sky,2,19.22,IS,2021-03-30 00:15:21
508,Kalmunai,7.4167,81.8167,76.71,82,broken clouds,66,5.41,LK,2021-03-30 00:14:47
509,Mvuma,-19.2792,30.5283,52.43,94,clear sky,1,5.01,ZW,2021-03-30 00:23:11
510,Ewa Beach,21.3156,-158.0072,84.2,57,overcast clouds,90,4.61,US,2021-03-30 00:23:12
511,Butembo,0.15,29.2833,56.95,96,overcast clouds,92,2.75,CD,2021-03-30 00:23:12
512,Hualmay,-11.0964,-77.6139,70.11,84,overcast clouds,97,8.81,PE,2021-03-30 00:23:12
513,Lamar,33.6668,-95.5836,71.6,30,clear sky,1,13.8,US,2021-03-30 00:23:13
514,Toowoomba,-27.55,151.9667,73.4,60,clear sky,0,14.97,AU,2021-03-30 00:22:16
515,Bosaso,11.2842,49.1816,78.58,50,scattered clouds,39,3.71,SO,2021-03-30 00:23:13
516,Grants Pass,42.439,-123.3284,55.99,30,clear sky,1,13.8,US,2021-03-30 00:19:05
517,Comodoro Rivadavia,-45.8667,-67.5,62.6,77,clear sky,0,1.14,AR,2021-03-30 00:17:13
518,Kamina,-8.7386,24.9906,62.78,92,overcast clouds,95,0.72,CD,2021-03-30 00:23:36
519,San Cristobal,7.7669,-72.225,78.8,78,scattered clouds,40,2.3,VE,2021-03-30 00:23:36
520,Koutiala,12.3917,-5.4642,83.37,8,clear sky,0,8.16,ML,2021-03-30 00:23:37
521,San Pedro,14.35,121.0167,86.0,61,scattered clouds,40,5.75,PH,2021-03-30 00:23:37
522,Nikki,9.9401,3.2108,80.89,20,clear sky,1,4.05,BJ,2021-03-30 00:23:38
523,Seminole,28.7086,-81.2081,73.0,68,clear sky,1,9.22,US,2021-03-30 00:23:03
524,Olinda,-8.0089,-34.8553,78.8,78,broken clouds,75,3.44,BR,2021-03-30 00:18:59
525,Napier,-39.4833,176.9167,72.0,78,moderate rain,100,5.01,NZ,2021-03-30 00:23:38
526,Bamako,12.65,-8.0,82.4,18,clear sky,0,2.3,ML,2021-03-30 00:23:39
527,Inverell,-29.7833,151.1167,75.0,54,clear sky,1,1.99,AU,2021-03-30 00:21:00
528,San Matias,-16.3667,-58.4,79.7,59,scattered clouds,50,3.38,BO,2021-03-30 00:23:40
529,Cape Canaveral,28.4058,-80.6048,72.0,88,haze,1,6.91,US,2021-03-30 00:21:02
530,Westport,41.1415,-73.3579,50.0,27,clear sky,1,10.36,US,2021-03-30 00:23:41
531,Messina,38.1933,15.5497,57.0,76,clear sky,0,6.91,IT,2021-03-30 00:23:42
532,Portland,45.5234,-122.6762,54.0,37,scattered clouds,40,16.11,US,2021-03-30 00:21:45
533,Mokhsogollokh,61.4681,128.9203,18.91,89,overcast clouds,100,2.82,RU,2021-03-30 00:23:42
534,Luganville,-15.5333,167.1667,83.84,78,scattered clouds,39,9.71,VU,2021-03-30 00:23:43
535,Grand Gaube,-20.0064,57.6608,75.0,85,few clouds,16,4.5,MU,2021-03-30 00:23:43
536,Hukuntsi,-24.0,21.75,69.48,44,broken clouds,69,9.75,BW,2021-03-30 00:23:43
537,Lagos,6.5833,3.75,79.34,86,broken clouds,54,4.16,NG,2021-03-30 00:23:44
538,Sawakin,19.1059,37.3321,73.94,74,few clouds,21,8.3,SD,2021-03-30 00:23:44
539,Yaan,7.3833,8.5667,82.6,44,clear sky,10,6.69,NG,2021-03-30 00:23:44
540,Puerto Madryn,-42.7692,-65.0385,62.38,75,clear sky,5,17.54,AR,2021-03-30 00:23:45
541,Madaripur,23.1753,90.2072,74.68,97,few clouds,17,9.04,BD,2021-03-30 00:23:45
542,Yarada,17.65,83.2667,79.72,76,few clouds,14,12.77,IN,2021-03-30 00:23:46
543,Havoysund,70.9963,24.6622,35.6,75,broken clouds,75,3.44,NO,2021-03-30 00:23:46
544,Omboue,-1.5746,9.2618,76.8,86,overcast clouds,100,2.64,GA,2021-03-30 00:23:47
545,Moba,33.2288,105.0179,51.87,74,broken clouds,52,2.06,CN,2021-03-30 00:23:47
546,Nemuro,43.3236,145.575,50.0,71,broken clouds,75,11.5,JP,2021-03-30 00:23:49
547,Muroto,33.2833,134.15,62.6,59,broken clouds,75,6.91,JP,2021-03-30 00:23:49
548,Veere,51.5483,3.6667,51.01,71,few clouds,19,8.05,NL,2021-03-30 00:23:49
549,Tres Arroyos,-38.3739,-60.2798,56.7,67,broken clouds,55,5.91,AR,2021-03-30 00:23:50
550,Puerto Carreno,6.189,-67.4859,85.96,52,overcast clouds,97,7.96,CO,2021-03-30 00:23:50
551,Harper,4.375,-7.7169,78.46,87,few clouds,20,3.53,LR,2021-03-30 00:23:51
552,Kurilsk,45.2333,147.8833,40.59,89,overcast clouds,85,6.13,RU,2021-03-30 00:23:51
553,Nezhinka,51.7676,55.3694,23.0,74,clear sky,0,2.24,RU,2021-03-30 00:23:51
554,Neosho,36.869,-94.368,69.8,32,clear sky,1,19.57,US,2021-03-30 00:23:52
555,Saint George,37.1041,-113.5841,78.01,8,clear sky,1,19.57,US,2021-03-30 00:20:04
556,Manzhouli,49.6,117.4333,32.76,55,overcast clouds,85,6.42,CN,2021-03-30 00:23:52
557,Acolla,-11.7319,-75.5463,45.73,86,overcast clouds,99,4.09,PE,2021-03-30 00:23:52
558,Varberg,57.1056,12.2508,43.0,92,overcast clouds,100,14.0,SE,2021-03-30 00:23:53
559,Bandar-E Lengeh,26.5579,54.8807,71.6,83,clear sky,6,7.27,IR,2021-03-30 00:23:53
560,Emerald,-23.5333,148.1667,81.0,41,clear sky,0,13.8,AU,2021-03-30 00:23:54
561,Manaus,-3.1019,-60.025,78.8,94,light rain,75,3.44,BR,2021-03-30 00:23:54
562,Grindavik,63.8424,-22.4338,28.4,74,clear sky,0,14.97,IS,2021-03-30 00:23:08
563,Bara,10.3744,10.7288,77.07,14,clear sky,0,10.27,NG,2021-03-30 00:23:54
564,Muscat,23.6139,58.5922,78.8,34,clear sky,0,2.3,OM,2021-03-30 00:22:06
565,Songkhla,6.8333,100.6667,77.0,100,broken clouds,75,3.09,TH,2021-03-30 00:23:55
566,Kapenguria,1.2511,35.0895,59.22,80,light rain,99,4.65,KE,2021-03-30 00:23:55
567,Biak,-0.9131,122.8766,79.56,78,overcast clouds,99,1.23,ID,2021-03-30 00:23:56
568,Itarema,-2.9248,-39.9167,77.43,86,scattered clouds,50,7.25,BR,2021-03-30 00:23:07
569,Ciudad Guayana,8.3533,-62.6528,75.99,93,broken clouds,77,1.99,VE,2021-03-30 00:22:09
570,Urumqi,43.801,87.6005,35.6,93,overcast clouds,90,8.95,CN,2021-03-30 00:23:56
571,Karratha,-20.7377,116.8463,91.31,38,broken clouds,60,7.02,AU,2021-03-30 00:23:57
572,Broome,42.2506,-75.833,37.4,52,clear sky,1,4.61,US,2021-03-30 00:23:57
573,Ketchikan,55.3422,-131.6461,37.4,93,light rain,90,5.75,US,2021-03-30 00:23:58
574,Saint Anthony,45.0205,-93.218,73.4,30,clear sky,1,23.02,US,2021-03-30 00:23:58
575,Mayumba,-3.432,10.6554,77.65,86,overcast clouds,95,1.54,GA,2021-03-30 00:16:07
576,Cooma,-36.2333,149.1333,51.8,66,few clouds,24,8.05,AU,2021-03-30 00:24:19
577,Lumeje,-11.55,20.7833,65.26,91,light rain,64,2.39,AO,2021-03-30 00:24:20
578,Genhe,50.7833,121.5167,28.63,72,scattered clouds,50,2.33,CN,2021-03-30 00:24:20
579,Mount Gambier,-37.8333,140.7667,59.0,100,overcast clouds,90,3.44,AU,2021-03-30 00:24:21
580,Adre,13.4667,22.2,69.01,9,clear sky,1,17.67,TD,2021-03-30 00:24:21
581,Kumluca,36.3703,30.2869,55.9,59,clear sky,3,4.32,TR,2021-03-30 00:24:22
582,Zanjan,36.6736,48.4787,37.54,65,clear sky,1,5.95,IR,2021-03-30 00:24:22
583,Kurumkan,54.3,110.3,24.55,88,broken clouds,67,0.74,RU,2021-03-30 00:24:22
584,Kodinsk,58.6881,99.1844,25.23,96,light snow,99,3.42,RU,2021-03-30 00:24:23
585,Neryungri,56.6709,124.6491,16.14,92,overcast clouds,94,3.87,RU,2021-03-30 00:24:23
586,Sembe,1.6481,14.5806,69.73,98,light rain,100,2.71,CG,2021-03-30 00:24:24
587,Lazaro Cardenas,17.9583,-102.2,81.5,52,broken clouds,74,9.04,MX,2021-03-30 00:22:12
588,Tecoanapa,16.5167,-98.75,82.17,65,overcast clouds,85,9.06,MX,2021-03-30 00:24:24
589,Aguas Formosas,-17.0822,-40.9358,73.92,67,clear sky,9,2.24,BR,2021-03-30 00:24:25
590,Mojo,8.6,39.1167,64.4,32,broken clouds,75,6.91,ET,2021-03-30 00:24:25
591,Shimoda,34.6667,138.95,64.4,82,broken clouds,75,10.36,JP,2021-03-30 00:24:25
592,Rio Gallegos,-51.6226,-69.2181,57.2,67,clear sky,0,6.91,AR,2021-03-30 00:24:26
593,Itaueira,-7.6033,-43.0256,77.07,73,scattered clouds,36,3.65,BR,2021-03-30 00:24:26
594,Doha,25.2867,51.5333,69.8,49,clear sky,0,12.66,QA,2021-03-30 00:21:42
595,La Peca,-5.6111,-78.435,67.96,89,light rain,100,2.93,PE,2021-03-30 00:24:27
596,Saint-Denis,48.9167,2.3333,57.2,66,clear sky,0,4.61,FR,2021-03-30 00:24:28
597,Singleton,-32.5667,151.1833,71.01,71,overcast clouds,85,6.67,AU,2021-03-30 00:24:28
598,Lillebonne,49.5203,0.5362,53.6,66,clear sky,0,4.61,FR,2021-03-30 00:24:29
599,Hauterive,46.0901,3.4459,51.8,46,clear sky,0,2.3,FR,2021-03-30 00:24:29
600,Totma,59.9747,42.7642,28.06,96,scattered clouds,43,9.8,RU,2021-03-30 00:24:29
601,Miguel Calmon,-11.4289,-40.595,71.82,50,clear sky,6,1.77,BR,2021-03-30 00:24:30
602,Batagay-Alyta,67.8006,130.4114,3.85,80,overcast clouds,86,3.0,RU,2021-03-30 00:24:30
603,Aykhal,66.0,111.5,20.14,94,light snow,100,3.8,RU,2021-03-30 00:22:35
604,Louga,58.7372,29.8453,42.49,90,light rain,100,14.52,RU,2021-03-30 00:24:31
605,Kitui,-1.367,38.0106,65.97,94,light rain,85,3.42,KE,2021-03-30 00:24:31
606,Sisimiut,66.9395,-53.6735,18.48,56,overcast clouds,100,16.82,GL,2021-03-30 00:24:31
607,Starkville,33.4504,-88.8184,60.8,44,clear sky,1,3.44,US,2021-03-30 00:24:32
608,Srandakan,-7.9386,110.2506,78.69,86,overcast clouds,100,2.84,ID,2021-03-30 00:24:32
609,Conceicao Do Araguaia,-8.2578,-49.2647,75.2,94,clear sky,0,2.3,BR,2021-03-30 00:24:32
610,Lashio,22.9333,97.75,60.66,41,clear sky,1,1.41,MM,2021-03-30 00:24:33
611,Kutum,14.2,24.6667,62.02,12,clear sky,0,10.42,SD,2021-03-30 00:24:33
612,Port Hedland,-20.3167,118.5667,93.2,29,scattered clouds,30,11.5,AU,2021-03-30 00:23:05
613,Beboto,8.2668,16.939,79.27,17,clear sky,3,1.1,TD,2021-03-30 00:24:34
614,Peace River,56.2501,-117.286,23.0,42,broken clouds,75,16.11,CA,2021-03-30 00:24:55
615,Sitka,57.0531,-135.33,39.2,87,moderate rain,90,4.61,US,2021-03-30 00:24:56
616,Mugi,42.2994,47.4208,39.2,81,broken clouds,58,6.71,RU,2021-03-30 00:24:56
617,Halifax,44.6453,-63.5724,39.2,65,broken clouds,75,12.66,CA,2021-03-30 00:20:14
618,Benghazi,32.1167,20.0667,59.07,68,clear sky,0,11.43,LY,2021-03-30 00:24:57
619,Prince Rupert,54.3161,-130.3201,41.0,81,light snow,90,3.44,CA,2021-03-30 00:24:58
620,Labuhan,-6.8844,112.2051,79.21,87,broken clouds,82,6.42,ID,2021-03-30 00:24:58
621,Miandrivazo,-19.5167,45.4667,73.45,90,clear sky,7,1.14,MG,2021-03-30 00:24:59
622,Harrisonburg,38.4496,-78.8689,51.01,48,clear sky,0,1.81,US,2021-03-30 00:24:59
623,Anguillara Sabazia,42.0875,12.2767,53.01,78,clear sky,8,1.01,IT,2021-03-30 00:25:00
624,Cayenne,4.9333,-52.3333,81.0,89,broken clouds,75,5.75,GF,2021-03-30 00:25:00
625,Mitsamiouli,-11.3847,43.2844,82.87,67,few clouds,11,7.99,KM,2021-03-30 00:25:01
626,Aasiaat,68.7098,-52.8699,6.84,79,overcast clouds,89,12.28,GL,2021-03-30 00:25:01
627,Talnakh,69.4865,88.3972,-26.28,99,scattered clouds,44,2.73,RU,2021-03-30 00:21:26
628,Nurota,40.5614,65.6886,41.0,81,few clouds,23,4.61,UZ,2021-03-30 00:25:05
629,Muzhi,65.3667,64.6667,31.68,94,overcast clouds,100,8.23,RU,2021-03-30 00:21:20
630,Biloela,-24.4167,150.5,79.72,46,clear sky,0,13.56,AU,2021-03-30 00:25:05
631,Challans,46.8436,-1.8749,53.6,62,clear sky,0,3.44,FR,2021-03-30 00:25:06
632,Prado,-17.3411,-39.2208,78.82,74,clear sky,0,10.27,BR,2021-03-30 00:25:06
633,Jizan,17.3333,42.6667,80.6,69,clear sky,0,3.44,SA,2021-03-30 00:25:07
634,Avera,33.194,-82.5271,62.6,48,clear sky,1,4.79,US,2021-03-30 00:25:07
635,Vilaka,57.1846,27.6722,43.52,91,overcast clouds,100,13.51,LV,2021-03-30 00:25:08
636,Abu Samrah,35.3029,37.1841,50.92,40,scattered clouds,37,4.41,SY,2021-03-30 00:25:08
637,Nelson Bay,-32.7167,152.15,69.8,73,scattered clouds,40,16.11,AU,2021-03-30 00:20:15
638,Mahon,39.8885,4.2658,53.6,94,clear sky,0,8.05,ES,2021-03-30 00:25:10
639,Sovetskiy,61.3614,63.5842,23.45,91,overcast clouds,98,7.47,RU,2021-03-30 00:25:10
640,Shar,49.5886,81.0453,21.65,87,scattered clouds,28,4.52,KZ,2021-03-30 00:25:10
641,Saint Cloud,45.5608,-94.1625,70.0,32,clear sky,1,20.71,US,2021-03-30 00:25:11
642,Los Llanos De Aridane,28.6585,-17.9182,64.4,72,clear sky,0,6.91,ES,2021-03-30 00:25:11
643,Greencastle,39.6445,-86.8647,55.4,41,clear sky,1,11.5,US,2021-03-30 00:20:51
644,Chifeng,42.2683,118.9636,44.1,26,scattered clouds,40,3.8,CN,2021-03-30 00:20:38
645,Montelimar,44.5584,4.7509,50.0,62,clear sky,4,2.59,FR,2021-03-30 00:25:13
646,Zaraza,9.3503,-65.3245,82.22,60,overcast clouds,96,7.2,VE,2021-03-30 00:25:13
647,Ayagoz,47.9714,80.4392,25.86,60,overcast clouds,99,2.64,KZ,2021-03-30 00:25:14
648,Azare,11.6765,10.1948,72.32,13,clear sky,0,9.01,NG,2021-03-30 00:25:14
649,Tarakan,3.3,117.6333,79.88,80,moderate rain,99,4.09,ID,2021-03-30 00:25:15
650,Powassan,46.0334,-79.3496,32.0,64,overcast clouds,90,8.05,CA,2021-03-30 00:25:15
651,Dovbysh,50.3733,27.9874,36.41,80,few clouds,17,3.38,UA,2021-03-30 00:25:37
652,Ribas Do Rio Pardo,-20.4431,-53.7592,79.79,56,broken clouds,57,1.23,BR,2021-03-30 00:25:38
653,Norwich,52.6278,1.2983,50.0,76,clear sky,8,9.22,GB,2021-03-30 00:25:38
654,Pahrump,36.2083,-115.9839,78.8,5,clear sky,1,13.8,US,2021-03-30 00:25:38
655,Pio Xii,-3.8325,-45.1525,74.35,97,broken clouds,81,3.51,BR,2021-03-30 00:25:39
656,Nizwa,22.9333,57.5333,78.67,19,few clouds,11,3.76,OM,2021-03-30 00:25:40
657,Baran,25.1,76.5167,82.4,34,few clouds,14,8.25,IN,2021-03-30 00:25:40
658,Burgeo,47.6167,-57.6152,36.41,94,light rain,100,25.55,CA,2021-03-30 00:25:41
659,Nouadhibou,20.931,-17.0347,64.4,88,scattered clouds,26,16.11,MR,2021-03-30 00:25:42
660,Statesboro,32.4488,-81.7832,66.2,45,clear sky,1,4.61,US,2021-03-30 00:22:37
661,La Ronge,55.1001,-105.2842,17.6,86,light snow,100,13.8,CA,2021-03-30 00:21:24
662,Yuma,32.7253,-114.6244,89.01,7,scattered clouds,40,8.05,US,2021-03-30 00:25:43
663,Iralaya,15.0,-83.2333,80.6,78,scattered clouds,40,4.61,HN,2021-03-30 00:25:43
664,Remedios,22.4947,-79.5458,77.0,78,few clouds,20,16.11,CU,2021-03-30 00:25:44
665,Watertown,42.3709,-71.1828,46.99,26,clear sky,1,8.05,US,2021-03-30 00:25:10
666,Bay Roberts,47.5999,-53.2648,42.01,95,light rain,100,4.0,CA,2021-03-30 00:25:44
667,Auki,-8.7676,160.7034,86.88,61,scattered clouds,37,2.42,SB,2021-03-30 00:25:45
668,Cabinda,-5.55,12.2,79.86,82,broken clouds,81,6.89,AO,2021-03-30 00:25:45
669,San Andres,12.5847,-81.7006,82.4,74,few clouds,20,14.97,CO,2021-03-30 00:23:11
670,Vuktyl,63.8567,57.3094,32.45,97,overcast clouds,100,7.02,RU,2021-03-30 00:25:46
671,Sobolevo,54.4299,31.8996,36.0,99,overcast clouds,100,8.28,RU,2021-03-30 00:25:47
672,Nizhniy Baskunchak,48.2198,46.8311,32.97,93,scattered clouds,28,6.55,RU,2021-03-30 00:25:48
673,Urubicha,-15.3833,-62.95,75.74,73,overcast clouds,100,2.46,BO,2021-03-30 00:25:48
674,Buin,-33.7333,-70.75,70.0,67,clear sky,0,9.22,CL,2021-03-30 00:24:21
675,Muyezerskiy,63.9333,31.65,35.4,96,overcast clouds,100,17.56,RU,2021-03-30 00:25:49
676,Tombouctou,20.0,-3.0,76.46,9,scattered clouds,30,8.9,ML,2021-03-30 00:25:49
677,Bireun,5.203,96.7009,77.18,82,heavy intensity rain,100,6.35,ID,2021-03-30 00:25:50
678,Sola,-13.8833,167.55,87.8,74,broken clouds,75,6.91,VU,2021-03-30 00:25:51
679,Nyurba,63.2842,118.3319,17.29,93,overcast clouds,92,3.0,RU,2021-03-30 00:25:51
680,Naro-Fominsk,55.3875,36.7331,30.2,64,clear sky,0,2.24,RU,2021-03-30 00:25:51
681,Tshela,-4.9833,12.9333,74.07,99,overcast clouds,95,1.14,CD,2021-03-30 00:25:52
682,Tooele,40.5308,-112.2983,37.4,35,clear sky,1,9.22,US,2021-03-30 00:25:53
683,Huilong,31.8111,121.655,60.01,83,overcast clouds,100,4.0,CN,2021-03-30 00:25:53
684,Durango,24.8333,-104.8333,78.49,9,overcast clouds,99,14.32,MX,2021-03-30 00:25:52
685,Weiser,44.251,-116.9693,50.0,25,few clouds,20,11.5,US,2021-03-30 00:22:41
686,Troitsko-Pechorsk,62.7084,56.1964,33.75,89,overcast clouds,100,6.38,RU,2021-03-30 00:26:15
687,Vernon,50.2581,-119.2691,43.0,26,broken clouds,80,8.05,CA,2021-03-30 00:26:15
688,Shirokiy,49.758,129.523,33.13,96,light snow,100,13.02,RU,2021-03-30 00:26:16
689,Ukiah,39.1502,-123.2078,71.6,35,clear sky,1,9.22,US,2021-03-30 00:22:02
690,Ahmadpur,18.7,76.9333,79.03,20,few clouds,20,7.96,IN,2021-03-30 00:26:17
691,Buffalo,42.8865,-78.8784,35.01,69,few clouds,20,5.75,US,2021-03-30 00:23:01
692,Shelbyville,35.4834,-86.4603,60.8,38,clear sky,1,1.99,US,2021-03-30 00:26:18
693,Soubre,5.7856,-6.6083,73.67,96,clear sky,8,2.37,CI,2021-03-30 00:26:18
694,Mimongo,-1.6195,11.6068,69.94,98,overcast clouds,100,0.98,GA,2021-03-30 00:26:19
695,Ouadda,8.0777,22.4007,70.2,23,clear sky,5,4.23,CF,2021-03-30 00:26:19
696,Thibodaux,29.7958,-90.8229,68.0,68,few clouds,14,3.0,US,2021-03-30 00:26:19
697,Galt,38.2546,-121.3,73.99,30,clear sky,0,5.99,US,2021-03-30 00:26:20
698,Siavonga,-16.5382,28.7088,70.11,77,scattered clouds,27,5.91,ZM,2021-03-30 00:26:20
699,Mwanza,-2.5167,32.9,65.48,94,moderate rain,100,9.15,TZ,2021-03-30 00:26:21
700,Kharovsk,59.9642,40.1912,31.17,92,overcast clouds,85,11.39,RU,2021-03-30 00:26:21
701,Miyazu,35.5333,135.1833,59.0,77,sand,75,2.3,JP,2021-03-30 00:26:22
702,Hobyo,5.3505,48.5268,79.48,74,broken clouds,53,8.48,SO,2021-03-30 00:26:22
